"DATE","Year","Month","Day","Tmin","Tmax","Prec","ssp","gcm","scenario_year","yday","season","id"
"2000-06-23 12:00:00",2000,6,23,20.52,31.3,0.19,"ssp126","ACCESS-CM2","2075",175,2001,"ssp126--ACCESS-CM2--2075"
"2000-06-24 12:00:00",2000,6,24,18.76,34.39,0,"ssp126","ACCESS-CM2","2075",176,2001,"ssp126--ACCESS-CM2--2075"
"2000-06-25 12:00:00",2000,6,25,16.15,24.13,7.07,"ssp126","ACCESS-CM2","2075",177,2001,"ssp126--ACCESS-CM2--2075"
"2000-06-26 12:00:00",2000,6,26,10.87,27.44,6.11,"ssp126","ACCESS-CM2","2075",178,2001,"ssp126--ACCESS-CM2--2075"
"2000-06-27 12:00:00",2000,6,27,15.85,30.33,12.84,"ssp126","ACCESS-CM2","2075",179,2001,"ssp126--ACCESS-CM2--2075"
"2000-06-28 12:00:00",2000,6,28,10.4,26.66,0.36,"ssp126","ACCESS-CM2","2075",180,2001,"ssp126--ACCESS-CM2--2075"
"2000-06-29 12:00:00",2000,6,29,19.3,29.83,0.43,"ssp126","ACCESS-CM2","2075",181,2001,"ssp126--ACCESS-CM2--2075"
"2000-06-30 12:00:00",2000,6,30,22.99,28.47,0,"ssp126","ACCESS-CM2","2075",182,2001,"ssp126--ACCESS-CM2--2075"
"2000-07-01 12:00:00",2000,7,1,19.3,27.22,0,"ssp126","ACCESS-CM2","2075",183,2001,"ssp126--ACCESS-CM2--2075"
"2000-07-02 12:00:00",2000,7,2,19.1,26,5.68,"ssp126","ACCESS-CM2","2075",184,2001,"ssp126--ACCESS-CM2--2075"
"2000-07-03 12:00:00",2000,7,3,17.27,22.89,3.02,"ssp126","ACCESS-CM2","2075",185,2001,"ssp126--ACCESS-CM2--2075"
"2000-07-04 12:00:00",2000,7,4,17.26,21.68,0,"ssp126","ACCESS-CM2","2075",186,2001,"ssp126--ACCESS-CM2--2075"
"2000-07-05 12:00:00",2000,7,5,19.02,26.28,0,"ssp126","ACCESS-CM2","2075",187,2001,"ssp126--ACCESS-CM2--2075"
"2000-07-06 12:00:00",2000,7,6,13.82,31.31,0.55,"ssp126","ACCESS-CM2","2075",188,2001,"ssp126--ACCESS-CM2--2075"
"2000-07-07 12:00:00",2000,7,7,12.38,26.78,0.18,"ssp126","ACCESS-CM2","2075",189,2001,"ssp126--ACCESS-CM2--2075"
"2000-07-08 12:00:00",2000,7,8,8.88,26.55,1.06,"ssp126","ACCESS-CM2","2075",190,2001,"ssp126--ACCESS-CM2--2075"
"2000-07-09 12:00:00",2000,7,9,14.07,30.58,1.98,"ssp126","ACCESS-CM2","2075",191,2001,"ssp126--ACCESS-CM2--2075"
"2000-07-10 12:00:00",2000,7,10,8.93,27.39,0.97,"ssp126","ACCESS-CM2","2075",192,2001,"ssp126--ACCESS-CM2--2075"
"2000-07-11 12:00:00",2000,7,11,13.93,20.35,8.62,"ssp126","ACCESS-CM2","2075",193,2001,"ssp126--ACCESS-CM2--2075"
"2000-07-12 12:00:00",2000,7,12,14.4,20.52,0.27,"ssp126","ACCESS-CM2","2075",194,2001,"ssp126--ACCESS-CM2--2075"
"2000-07-13 12:00:00",2000,7,13,17.22,23.85,0,"ssp126","ACCESS-CM2","2075",195,2001,"ssp126--ACCESS-CM2--2075"
"2000-07-14 12:00:00",2000,7,14,15.54,21.97,0,"ssp126","ACCESS-CM2","2075",196,2001,"ssp126--ACCESS-CM2--2075"
"2000-07-15 12:00:00",2000,7,15,10.69,23.83,0,"ssp126","ACCESS-CM2","2075",197,2001,"ssp126--ACCESS-CM2--2075"
"2000-07-16 12:00:00",2000,7,16,13.61,19,0,"ssp126","ACCESS-CM2","2075",198,2001,"ssp126--ACCESS-CM2--2075"
"2000-07-17 12:00:00",2000,7,17,11.44,22.15,0,"ssp126","ACCESS-CM2","2075",199,2001,"ssp126--ACCESS-CM2--2075"
"2000-07-18 12:00:00",2000,7,18,12.18,21.33,2.84,"ssp126","ACCESS-CM2","2075",200,2001,"ssp126--ACCESS-CM2--2075"
"2000-07-19 12:00:00",2000,7,19,11.29,19.92,0,"ssp126","ACCESS-CM2","2075",201,2001,"ssp126--ACCESS-CM2--2075"
"2000-07-20 12:00:00",2000,7,20,10.61,21.42,0.27,"ssp126","ACCESS-CM2","2075",202,2001,"ssp126--ACCESS-CM2--2075"
"2000-07-21 12:00:00",2000,7,21,15.39,18.99,5.03,"ssp126","ACCESS-CM2","2075",203,2001,"ssp126--ACCESS-CM2--2075"
"2000-07-22 12:00:00",2000,7,22,15.7,23.39,7.83,"ssp126","ACCESS-CM2","2075",204,2001,"ssp126--ACCESS-CM2--2075"
"2000-07-23 12:00:00",2000,7,23,15.18,20.14,12.38,"ssp126","ACCESS-CM2","2075",205,2001,"ssp126--ACCESS-CM2--2075"
"2000-07-24 12:00:00",2000,7,24,13.64,20.26,0,"ssp126","ACCESS-CM2","2075",206,2001,"ssp126--ACCESS-CM2--2075"
"2000-07-25 12:00:00",2000,7,25,12.97,22.32,0.09,"ssp126","ACCESS-CM2","2075",207,2001,"ssp126--ACCESS-CM2--2075"
"2000-07-26 12:00:00",2000,7,26,16.14,21.66,4.98,"ssp126","ACCESS-CM2","2075",208,2001,"ssp126--ACCESS-CM2--2075"
"2000-07-27 12:00:00",2000,7,27,16.23,23.16,2.78,"ssp126","ACCESS-CM2","2075",209,2001,"ssp126--ACCESS-CM2--2075"
"2000-07-28 12:00:00",2000,7,28,16.85,23.58,0.18,"ssp126","ACCESS-CM2","2075",210,2001,"ssp126--ACCESS-CM2--2075"
"2000-07-29 12:00:00",2000,7,29,14.74,23.57,0,"ssp126","ACCESS-CM2","2075",211,2001,"ssp126--ACCESS-CM2--2075"
"2000-07-30 12:00:00",2000,7,30,13.48,21.73,0.18,"ssp126","ACCESS-CM2","2075",212,2001,"ssp126--ACCESS-CM2--2075"
"2000-07-31 12:00:00",2000,7,31,9.89,24.38,4.98,"ssp126","ACCESS-CM2","2075",213,2001,"ssp126--ACCESS-CM2--2075"
"2000-08-01 12:00:00",2000,8,1,10.68,26.87,1.64,"ssp126","ACCESS-CM2","2075",214,2001,"ssp126--ACCESS-CM2--2075"
"2000-08-02 12:00:00",2000,8,2,14.55,24.68,0,"ssp126","ACCESS-CM2","2075",215,2001,"ssp126--ACCESS-CM2--2075"
"2000-08-03 12:00:00",2000,8,3,16.83,23.63,1.44,"ssp126","ACCESS-CM2","2075",216,2001,"ssp126--ACCESS-CM2--2075"
"2000-08-04 12:00:00",2000,8,4,18.42,24.91,9.82,"ssp126","ACCESS-CM2","2075",217,2001,"ssp126--ACCESS-CM2--2075"
"2000-08-05 12:00:00",2000,8,5,14.87,29.59,5.21,"ssp126","ACCESS-CM2","2075",218,2001,"ssp126--ACCESS-CM2--2075"
"2000-08-06 12:00:00",2000,8,6,20.57,27.62,0,"ssp126","ACCESS-CM2","2075",219,2001,"ssp126--ACCESS-CM2--2075"
"2000-08-07 12:00:00",2000,8,7,22.97,31.66,0,"ssp126","ACCESS-CM2","2075",220,2001,"ssp126--ACCESS-CM2--2075"
"2000-08-08 12:00:00",2000,8,8,19.2,25.71,18.83,"ssp126","ACCESS-CM2","2075",221,2001,"ssp126--ACCESS-CM2--2075"
"2000-08-09 12:00:00",2000,8,9,17.98,36.49,0,"ssp126","ACCESS-CM2","2075",222,2001,"ssp126--ACCESS-CM2--2075"
"2000-08-10 12:00:00",2000,8,10,18.78,32.63,0,"ssp126","ACCESS-CM2","2075",223,2001,"ssp126--ACCESS-CM2--2075"
"2000-08-11 12:00:00",2000,8,11,15.82,34.59,0,"ssp126","ACCESS-CM2","2075",224,2001,"ssp126--ACCESS-CM2--2075"
"2000-08-12 12:00:00",2000,8,12,12.38,34.92,0,"ssp126","ACCESS-CM2","2075",225,2001,"ssp126--ACCESS-CM2--2075"
"2000-08-13 12:00:00",2000,8,13,15.49,34.98,0,"ssp126","ACCESS-CM2","2075",226,2001,"ssp126--ACCESS-CM2--2075"
"2000-08-14 12:00:00",2000,8,14,17.61,34.51,0,"ssp126","ACCESS-CM2","2075",227,2001,"ssp126--ACCESS-CM2--2075"
"2000-08-15 12:00:00",2000,8,15,17.13,30.61,0,"ssp126","ACCESS-CM2","2075",228,2001,"ssp126--ACCESS-CM2--2075"
"2000-08-16 12:00:00",2000,8,16,16.27,32.74,0,"ssp126","ACCESS-CM2","2075",229,2001,"ssp126--ACCESS-CM2--2075"
"2000-08-17 12:00:00",2000,8,17,15.58,27.03,5.82,"ssp126","ACCESS-CM2","2075",230,2001,"ssp126--ACCESS-CM2--2075"
"2000-08-18 12:00:00",2000,8,18,18.32,26.96,4.07,"ssp126","ACCESS-CM2","2075",231,2001,"ssp126--ACCESS-CM2--2075"
"2000-08-19 12:00:00",2000,8,19,19.94,29.45,5.82,"ssp126","ACCESS-CM2","2075",232,2001,"ssp126--ACCESS-CM2--2075"
"2000-08-20 12:00:00",2000,8,20,16.99,33.9,0,"ssp126","ACCESS-CM2","2075",233,2001,"ssp126--ACCESS-CM2--2075"
"2000-08-21 12:00:00",2000,8,21,11.65,30.36,0,"ssp126","ACCESS-CM2","2075",234,2001,"ssp126--ACCESS-CM2--2075"
"2000-08-22 12:00:00",2000,8,22,15.36,26.29,0.19,"ssp126","ACCESS-CM2","2075",235,2001,"ssp126--ACCESS-CM2--2075"
"2000-08-23 12:00:00",2000,8,23,22.55,27.65,1.19,"ssp126","ACCESS-CM2","2075",236,2001,"ssp126--ACCESS-CM2--2075"
"2000-08-24 12:00:00",2000,8,24,22.27,28.67,22.69,"ssp126","ACCESS-CM2","2075",237,2001,"ssp126--ACCESS-CM2--2075"
"2000-08-25 12:00:00",2000,8,25,16.18,26.32,9.83,"ssp126","ACCESS-CM2","2075",238,2001,"ssp126--ACCESS-CM2--2075"
"2000-08-26 12:00:00",2000,8,26,14.72,24.79,0,"ssp126","ACCESS-CM2","2075",239,2001,"ssp126--ACCESS-CM2--2075"
"2000-08-27 12:00:00",2000,8,27,10.2,28.84,0,"ssp126","ACCESS-CM2","2075",240,2001,"ssp126--ACCESS-CM2--2075"
"2000-08-28 12:00:00",2000,8,28,8.4,30.83,6.61,"ssp126","ACCESS-CM2","2075",241,2001,"ssp126--ACCESS-CM2--2075"
"2000-08-29 12:00:00",2000,8,29,11.28,25.17,0,"ssp126","ACCESS-CM2","2075",242,2001,"ssp126--ACCESS-CM2--2075"
"2000-08-30 12:00:00",2000,8,30,10.55,22.81,7.31,"ssp126","ACCESS-CM2","2075",243,2001,"ssp126--ACCESS-CM2--2075"
"2000-08-31 12:00:00",2000,8,31,11.36,23.13,3.93,"ssp126","ACCESS-CM2","2075",244,2001,"ssp126--ACCESS-CM2--2075"
"2000-09-01 12:00:00",2000,9,1,9.97,17.88,0,"ssp126","ACCESS-CM2","2075",245,2001,"ssp126--ACCESS-CM2--2075"
"2000-09-02 12:00:00",2000,9,2,11.39,20.08,0,"ssp126","ACCESS-CM2","2075",246,2001,"ssp126--ACCESS-CM2--2075"
"2000-09-03 12:00:00",2000,9,3,14.24,18.12,0.21,"ssp126","ACCESS-CM2","2075",247,2001,"ssp126--ACCESS-CM2--2075"
"2000-09-04 12:00:00",2000,9,4,11.83,21.84,6.5,"ssp126","ACCESS-CM2","2075",248,2001,"ssp126--ACCESS-CM2--2075"
"2000-09-05 12:00:00",2000,9,5,9.83,27.91,12.07,"ssp126","ACCESS-CM2","2075",249,2001,"ssp126--ACCESS-CM2--2075"
"2000-09-06 12:00:00",2000,9,6,13.83,31.38,0,"ssp126","ACCESS-CM2","2075",250,2001,"ssp126--ACCESS-CM2--2075"
"2000-09-07 12:00:00",2000,9,7,14.61,28.18,0,"ssp126","ACCESS-CM2","2075",251,2001,"ssp126--ACCESS-CM2--2075"
"2000-09-08 12:00:00",2000,9,8,13.03,25.43,0,"ssp126","ACCESS-CM2","2075",252,2001,"ssp126--ACCESS-CM2--2075"
"2000-09-09 12:00:00",2000,9,9,14.8,21.95,5.69,"ssp126","ACCESS-CM2","2075",253,2001,"ssp126--ACCESS-CM2--2075"
"2000-09-10 12:00:00",2000,9,10,11.95,23.25,0.17,"ssp126","ACCESS-CM2","2075",254,2001,"ssp126--ACCESS-CM2--2075"
"2000-09-11 12:00:00",2000,9,11,9.47,24.21,8.05,"ssp126","ACCESS-CM2","2075",255,2001,"ssp126--ACCESS-CM2--2075"
"2000-09-12 12:00:00",2000,9,12,7.18,23.64,1.67,"ssp126","ACCESS-CM2","2075",256,2001,"ssp126--ACCESS-CM2--2075"
"2000-09-13 12:00:00",2000,9,13,12.64,21.32,5.56,"ssp126","ACCESS-CM2","2075",257,2001,"ssp126--ACCESS-CM2--2075"
"2000-09-14 12:00:00",2000,9,14,10.26,26.14,0.24,"ssp126","ACCESS-CM2","2075",258,2001,"ssp126--ACCESS-CM2--2075"
"2000-09-15 12:00:00",2000,9,15,9.77,21.07,4.74,"ssp126","ACCESS-CM2","2075",259,2001,"ssp126--ACCESS-CM2--2075"
"2000-09-16 12:00:00",2000,9,16,7.53,20.82,0.52,"ssp126","ACCESS-CM2","2075",260,2001,"ssp126--ACCESS-CM2--2075"
"2000-09-17 12:00:00",2000,9,17,12.56,16.57,1.49,"ssp126","ACCESS-CM2","2075",261,2001,"ssp126--ACCESS-CM2--2075"
"2000-09-18 12:00:00",2000,9,18,11.47,19.48,0,"ssp126","ACCESS-CM2","2075",262,2001,"ssp126--ACCESS-CM2--2075"
"2000-09-19 12:00:00",2000,9,19,6.34,22.34,0.32,"ssp126","ACCESS-CM2","2075",263,2001,"ssp126--ACCESS-CM2--2075"
"2000-09-20 12:00:00",2000,9,20,9.81,19.74,0.1,"ssp126","ACCESS-CM2","2075",264,2001,"ssp126--ACCESS-CM2--2075"
"2000-09-21 12:00:00",2000,9,21,14.21,20.42,6.32,"ssp126","ACCESS-CM2","2075",265,2001,"ssp126--ACCESS-CM2--2075"
"2000-09-22 12:00:00",2000,9,22,12.17,23.34,0,"ssp126","ACCESS-CM2","2075",266,2001,"ssp126--ACCESS-CM2--2075"
"2000-09-23 12:00:00",2000,9,23,10.63,23.22,0.09,"ssp126","ACCESS-CM2","2075",267,2001,"ssp126--ACCESS-CM2--2075"
"2000-09-24 12:00:00",2000,9,24,13.77,20.78,3.91,"ssp126","ACCESS-CM2","2075",268,2001,"ssp126--ACCESS-CM2--2075"
"2000-09-25 12:00:00",2000,9,25,10.45,19.25,0,"ssp126","ACCESS-CM2","2075",269,2001,"ssp126--ACCESS-CM2--2075"
"2000-09-26 12:00:00",2000,9,26,9.19,15.85,0.1,"ssp126","ACCESS-CM2","2075",270,2001,"ssp126--ACCESS-CM2--2075"
"2000-09-27 12:00:00",2000,9,27,10.07,16.95,0,"ssp126","ACCESS-CM2","2075",271,2001,"ssp126--ACCESS-CM2--2075"
"2000-09-28 12:00:00",2000,9,28,6.07,19.81,0,"ssp126","ACCESS-CM2","2075",272,2001,"ssp126--ACCESS-CM2--2075"
"2000-09-29 12:00:00",2000,9,29,11.6,13.64,4.81,"ssp126","ACCESS-CM2","2075",273,2001,"ssp126--ACCESS-CM2--2075"
"2000-09-30 12:00:00",2000,9,30,12.27,13.99,5.43,"ssp126","ACCESS-CM2","2075",274,2001,"ssp126--ACCESS-CM2--2075"
"2000-10-01 12:00:00",2000,10,1,11.54,14.55,0.68,"ssp126","ACCESS-CM2","2075",275,2001,"ssp126--ACCESS-CM2--2075"
"2000-10-02 12:00:00",2000,10,2,4.09,17.16,0,"ssp126","ACCESS-CM2","2075",276,2001,"ssp126--ACCESS-CM2--2075"
"2000-10-03 12:00:00",2000,10,3,4.53,13.64,0,"ssp126","ACCESS-CM2","2075",277,2001,"ssp126--ACCESS-CM2--2075"
"2000-10-04 12:00:00",2000,10,4,7.39,10.86,0.14,"ssp126","ACCESS-CM2","2075",278,2001,"ssp126--ACCESS-CM2--2075"
"2000-10-05 12:00:00",2000,10,5,8.07,12.83,0,"ssp126","ACCESS-CM2","2075",279,2001,"ssp126--ACCESS-CM2--2075"
"2000-10-06 12:00:00",2000,10,6,1.78,16.82,0,"ssp126","ACCESS-CM2","2075",280,2001,"ssp126--ACCESS-CM2--2075"
"2000-10-07 12:00:00",2000,10,7,2.48,15.68,0,"ssp126","ACCESS-CM2","2075",281,2001,"ssp126--ACCESS-CM2--2075"
"2000-10-08 12:00:00",2000,10,8,2.96,17.95,0,"ssp126","ACCESS-CM2","2075",282,2001,"ssp126--ACCESS-CM2--2075"
"2000-10-09 12:00:00",2000,10,9,10.26,19.75,3.83,"ssp126","ACCESS-CM2","2075",283,2001,"ssp126--ACCESS-CM2--2075"
"2000-10-10 12:00:00",2000,10,10,12.23,22.9,2.26,"ssp126","ACCESS-CM2","2075",284,2001,"ssp126--ACCESS-CM2--2075"
"2000-10-11 12:00:00",2000,10,11,10.34,21.95,2.19,"ssp126","ACCESS-CM2","2075",285,2001,"ssp126--ACCESS-CM2--2075"
"2000-10-12 12:00:00",2000,10,12,14.96,26.9,2.45,"ssp126","ACCESS-CM2","2075",286,2001,"ssp126--ACCESS-CM2--2075"
"2000-10-13 12:00:00",2000,10,13,12.57,29.36,0,"ssp126","ACCESS-CM2","2075",287,2001,"ssp126--ACCESS-CM2--2075"
"2000-10-14 12:00:00",2000,10,14,10.73,28.51,0,"ssp126","ACCESS-CM2","2075",288,2001,"ssp126--ACCESS-CM2--2075"
"2000-10-15 12:00:00",2000,10,15,13.39,25.91,5.52,"ssp126","ACCESS-CM2","2075",289,2001,"ssp126--ACCESS-CM2--2075"
"2000-10-16 12:00:00",2000,10,16,9.23,23.34,0,"ssp126","ACCESS-CM2","2075",290,2001,"ssp126--ACCESS-CM2--2075"
"2000-10-17 12:00:00",2000,10,17,10.71,21.7,2.45,"ssp126","ACCESS-CM2","2075",291,2001,"ssp126--ACCESS-CM2--2075"
"2000-10-18 12:00:00",2000,10,18,8.16,18.98,9.13,"ssp126","ACCESS-CM2","2075",292,2001,"ssp126--ACCESS-CM2--2075"
"2000-10-19 12:00:00",2000,10,19,14.84,18.87,6.78,"ssp126","ACCESS-CM2","2075",293,2001,"ssp126--ACCESS-CM2--2075"
"2000-10-20 12:00:00",2000,10,20,10.24,18.31,1.32,"ssp126","ACCESS-CM2","2075",294,2001,"ssp126--ACCESS-CM2--2075"
"2000-10-21 12:00:00",2000,10,21,12.58,18.48,0,"ssp126","ACCESS-CM2","2075",295,2001,"ssp126--ACCESS-CM2--2075"
"2000-10-22 12:00:00",2000,10,22,8.37,13.47,4.43,"ssp126","ACCESS-CM2","2075",296,2001,"ssp126--ACCESS-CM2--2075"
"2000-10-23 12:00:00",2000,10,23,0.35,10.18,4.43,"ssp126","ACCESS-CM2","2075",297,2001,"ssp126--ACCESS-CM2--2075"
"2000-10-24 12:00:00",2000,10,24,2.6,12.07,1.25,"ssp126","ACCESS-CM2","2075",298,2001,"ssp126--ACCESS-CM2--2075"
"2000-10-25 12:00:00",2000,10,25,1.38,14.71,0,"ssp126","ACCESS-CM2","2075",299,2001,"ssp126--ACCESS-CM2--2075"
"2000-10-26 12:00:00",2000,10,26,3.53,18.94,0,"ssp126","ACCESS-CM2","2075",300,2001,"ssp126--ACCESS-CM2--2075"
"2000-10-27 12:00:00",2000,10,27,4,18.65,0,"ssp126","ACCESS-CM2","2075",301,2001,"ssp126--ACCESS-CM2--2075"
"2000-10-28 12:00:00",2000,10,28,9.01,18.45,6.6,"ssp126","ACCESS-CM2","2075",302,2001,"ssp126--ACCESS-CM2--2075"
"2000-10-29 12:00:00",2000,10,29,11.65,18.93,4.52,"ssp126","ACCESS-CM2","2075",303,2001,"ssp126--ACCESS-CM2--2075"
"2000-10-30 12:00:00",2000,10,30,9.43,16.77,0,"ssp126","ACCESS-CM2","2075",304,2001,"ssp126--ACCESS-CM2--2075"
"2000-10-31 12:00:00",2000,10,31,8.93,15.81,0,"ssp126","ACCESS-CM2","2075",305,2001,"ssp126--ACCESS-CM2--2075"
"2000-11-01 12:00:00",2000,11,1,7.23,14.4,0,"ssp126","ACCESS-CM2","2075",306,2001,"ssp126--ACCESS-CM2--2075"
"2000-11-02 12:00:00",2000,11,2,4.87,21.46,0.26,"ssp126","ACCESS-CM2","2075",307,2001,"ssp126--ACCESS-CM2--2075"
"2000-11-03 12:00:00",2000,11,3,4.02,14.62,1.48,"ssp126","ACCESS-CM2","2075",308,2001,"ssp126--ACCESS-CM2--2075"
"2000-11-04 12:00:00",2000,11,4,8.21,17.99,5.69,"ssp126","ACCESS-CM2","2075",309,2001,"ssp126--ACCESS-CM2--2075"
"2000-11-05 12:00:00",2000,11,5,9.22,15.5,1.75,"ssp126","ACCESS-CM2","2075",310,2001,"ssp126--ACCESS-CM2--2075"
"2000-11-06 12:00:00",2000,11,6,10.26,13.93,15.46,"ssp126","ACCESS-CM2","2075",311,2001,"ssp126--ACCESS-CM2--2075"
"2000-11-07 12:00:00",2000,11,7,7.47,11.07,0,"ssp126","ACCESS-CM2","2075",312,2001,"ssp126--ACCESS-CM2--2075"
"2000-11-08 12:00:00",2000,11,8,4.12,14.71,0,"ssp126","ACCESS-CM2","2075",313,2001,"ssp126--ACCESS-CM2--2075"
"2000-11-09 12:00:00",2000,11,9,8.63,16.1,0,"ssp126","ACCESS-CM2","2075",314,2001,"ssp126--ACCESS-CM2--2075"
"2000-11-10 12:00:00",2000,11,10,6.31,15.18,0,"ssp126","ACCESS-CM2","2075",315,2001,"ssp126--ACCESS-CM2--2075"
"2000-11-11 12:00:00",2000,11,11,7.96,15.65,0,"ssp126","ACCESS-CM2","2075",316,2001,"ssp126--ACCESS-CM2--2075"
"2000-11-12 12:00:00",2000,11,12,6.87,15.04,0,"ssp126","ACCESS-CM2","2075",317,2001,"ssp126--ACCESS-CM2--2075"
"2000-11-13 12:00:00",2000,11,13,13.02,16.2,11.36,"ssp126","ACCESS-CM2","2075",318,2001,"ssp126--ACCESS-CM2--2075"
"2000-11-14 12:00:00",2000,11,14,14.73,18.94,0,"ssp126","ACCESS-CM2","2075",319,2001,"ssp126--ACCESS-CM2--2075"
"2000-11-15 12:00:00",2000,11,15,11.67,20.77,0.4,"ssp126","ACCESS-CM2","2075",320,2001,"ssp126--ACCESS-CM2--2075"
"2000-11-16 12:00:00",2000,11,16,10.26,18.94,0,"ssp126","ACCESS-CM2","2075",321,2001,"ssp126--ACCESS-CM2--2075"
"2000-11-17 12:00:00",2000,11,17,6.47,18.24,0,"ssp126","ACCESS-CM2","2075",322,2001,"ssp126--ACCESS-CM2--2075"
"2000-11-18 12:00:00",2000,11,18,7.6,16.62,3.95,"ssp126","ACCESS-CM2","2075",323,2001,"ssp126--ACCESS-CM2--2075"
"2000-11-19 12:00:00",2000,11,19,8.04,16.37,2.98,"ssp126","ACCESS-CM2","2075",324,2001,"ssp126--ACCESS-CM2--2075"
"2000-11-20 12:00:00",2000,11,20,11.87,19.63,0.89,"ssp126","ACCESS-CM2","2075",325,2001,"ssp126--ACCESS-CM2--2075"
"2000-11-21 12:00:00",2000,11,21,12.44,18.37,0,"ssp126","ACCESS-CM2","2075",326,2001,"ssp126--ACCESS-CM2--2075"
"2000-11-22 12:00:00",2000,11,22,9.36,16.41,0.93,"ssp126","ACCESS-CM2","2075",327,2001,"ssp126--ACCESS-CM2--2075"
"2000-11-23 12:00:00",2000,11,23,5.58,15.19,0,"ssp126","ACCESS-CM2","2075",328,2001,"ssp126--ACCESS-CM2--2075"
"2000-11-24 12:00:00",2000,11,24,9.68,15.1,0,"ssp126","ACCESS-CM2","2075",329,2001,"ssp126--ACCESS-CM2--2075"
"2000-11-25 12:00:00",2000,11,25,6.79,14.11,2.41,"ssp126","ACCESS-CM2","2075",330,2001,"ssp126--ACCESS-CM2--2075"
"2000-11-26 12:00:00",2000,11,26,4.51,9.56,2.63,"ssp126","ACCESS-CM2","2075",331,2001,"ssp126--ACCESS-CM2--2075"
"2000-11-27 12:00:00",2000,11,27,5.57,10.62,3.79,"ssp126","ACCESS-CM2","2075",332,2001,"ssp126--ACCESS-CM2--2075"
"2000-11-28 12:00:00",2000,11,28,7.06,13.38,0.66,"ssp126","ACCESS-CM2","2075",333,2001,"ssp126--ACCESS-CM2--2075"
"2000-11-29 12:00:00",2000,11,29,6.47,10.55,1.55,"ssp126","ACCESS-CM2","2075",334,2001,"ssp126--ACCESS-CM2--2075"
"2000-11-30 12:00:00",2000,11,30,7.21,14.73,1.9,"ssp126","ACCESS-CM2","2075",335,2001,"ssp126--ACCESS-CM2--2075"
"2000-12-01 12:00:00",2000,12,1,7.34,11.78,0,"ssp126","ACCESS-CM2","2075",336,2001,"ssp126--ACCESS-CM2--2075"
"2000-12-02 12:00:00",2000,12,2,3.66,10.6,5.32,"ssp126","ACCESS-CM2","2075",337,2001,"ssp126--ACCESS-CM2--2075"
"2000-12-03 12:00:00",2000,12,3,6.61,11.85,3.85,"ssp126","ACCESS-CM2","2075",338,2001,"ssp126--ACCESS-CM2--2075"
"2000-12-04 12:00:00",2000,12,4,9.14,13.92,0.27,"ssp126","ACCESS-CM2","2075",339,2001,"ssp126--ACCESS-CM2--2075"
"2000-12-05 12:00:00",2000,12,5,8.1,14.19,0,"ssp126","ACCESS-CM2","2075",340,2001,"ssp126--ACCESS-CM2--2075"
"2000-12-06 12:00:00",2000,12,6,5.01,11.86,0,"ssp126","ACCESS-CM2","2075",341,2001,"ssp126--ACCESS-CM2--2075"
"2000-12-07 12:00:00",2000,12,7,6.45,13.66,2.19,"ssp126","ACCESS-CM2","2075",342,2001,"ssp126--ACCESS-CM2--2075"
"2000-12-08 12:00:00",2000,12,8,10.1,14.77,2.45,"ssp126","ACCESS-CM2","2075",343,2001,"ssp126--ACCESS-CM2--2075"
"2000-12-09 12:00:00",2000,12,9,8.64,11.27,1.45,"ssp126","ACCESS-CM2","2075",344,2001,"ssp126--ACCESS-CM2--2075"
"2000-12-10 12:00:00",2000,12,10,8.73,10.86,10.41,"ssp126","ACCESS-CM2","2075",345,2001,"ssp126--ACCESS-CM2--2075"
"2000-12-11 12:00:00",2000,12,11,3.04,9.62,6.16,"ssp126","ACCESS-CM2","2075",346,2001,"ssp126--ACCESS-CM2--2075"
"2000-12-12 12:00:00",2000,12,12,2.35,11.65,1.78,"ssp126","ACCESS-CM2","2075",347,2001,"ssp126--ACCESS-CM2--2075"
"2000-12-13 12:00:00",2000,12,13,7.28,15.97,0,"ssp126","ACCESS-CM2","2075",348,2001,"ssp126--ACCESS-CM2--2075"
"2000-12-14 12:00:00",2000,12,14,9.17,14.96,5.2,"ssp126","ACCESS-CM2","2075",349,2001,"ssp126--ACCESS-CM2--2075"
"2000-12-15 12:00:00",2000,12,15,5.76,10.53,0,"ssp126","ACCESS-CM2","2075",350,2001,"ssp126--ACCESS-CM2--2075"
"2000-12-16 12:00:00",2000,12,16,8.88,14.16,0,"ssp126","ACCESS-CM2","2075",351,2001,"ssp126--ACCESS-CM2--2075"
"2000-12-17 12:00:00",2000,12,17,2.57,7.57,0,"ssp126","ACCESS-CM2","2075",352,2001,"ssp126--ACCESS-CM2--2075"
"2000-12-18 12:00:00",2000,12,18,-3.73,4.25,0.14,"ssp126","ACCESS-CM2","2075",353,2001,"ssp126--ACCESS-CM2--2075"
"2000-12-19 12:00:00",2000,12,19,1.86,3.58,16.49,"ssp126","ACCESS-CM2","2075",354,2001,"ssp126--ACCESS-CM2--2075"
"2000-12-20 12:00:00",2000,12,20,2.35,3.46,2.08,"ssp126","ACCESS-CM2","2075",355,2001,"ssp126--ACCESS-CM2--2075"
"2000-12-21 12:00:00",2000,12,21,5.26,7.38,1.6,"ssp126","ACCESS-CM2","2075",356,2001,"ssp126--ACCESS-CM2--2075"
"2000-12-22 12:00:00",2000,12,22,0.91,6.93,2.59,"ssp126","ACCESS-CM2","2075",357,2001,"ssp126--ACCESS-CM2--2075"
"2000-12-23 12:00:00",2000,12,23,-2.33,4.27,1.32,"ssp126","ACCESS-CM2","2075",358,2001,"ssp126--ACCESS-CM2--2075"
"2000-12-24 12:00:00",2000,12,24,0.76,6.17,0,"ssp126","ACCESS-CM2","2075",359,2001,"ssp126--ACCESS-CM2--2075"
"2000-12-25 12:00:00",2000,12,25,-1.07,2.28,0,"ssp126","ACCESS-CM2","2075",360,2001,"ssp126--ACCESS-CM2--2075"
"2000-12-26 12:00:00",2000,12,26,-3.01,3.43,0.55,"ssp126","ACCESS-CM2","2075",361,2001,"ssp126--ACCESS-CM2--2075"
"2000-12-27 12:00:00",2000,12,27,3.85,6.69,3.26,"ssp126","ACCESS-CM2","2075",362,2001,"ssp126--ACCESS-CM2--2075"
"2000-12-28 12:00:00",2000,12,28,5.61,8.05,3.54,"ssp126","ACCESS-CM2","2075",363,2001,"ssp126--ACCESS-CM2--2075"
"2000-12-29 12:00:00",2000,12,29,3.52,6.77,5.36,"ssp126","ACCESS-CM2","2075",364,2001,"ssp126--ACCESS-CM2--2075"
"2000-12-30 12:00:00",2000,12,30,1.87,8.22,2.52,"ssp126","ACCESS-CM2","2075",365,2001,"ssp126--ACCESS-CM2--2075"
"2000-12-31 12:00:00",2000,12,31,3.35,6.7,9.44,"ssp126","ACCESS-CM2","2075",366,2001,"ssp126--ACCESS-CM2--2075"
"2001-01-01 12:00:00",2001,1,1,0.5,7.08,2.43,"ssp126","ACCESS-CM2","2075",1,2001,"ssp126--ACCESS-CM2--2075"
"2001-01-02 12:00:00",2001,1,2,0.92,6.38,1.05,"ssp126","ACCESS-CM2","2075",2,2001,"ssp126--ACCESS-CM2--2075"
"2001-01-03 12:00:00",2001,1,3,2.84,6.95,0,"ssp126","ACCESS-CM2","2075",3,2001,"ssp126--ACCESS-CM2--2075"
"2001-01-04 12:00:00",2001,1,4,4.19,14.21,4.25,"ssp126","ACCESS-CM2","2075",4,2001,"ssp126--ACCESS-CM2--2075"
"2001-01-05 12:00:00",2001,1,5,8.83,19.45,3.37,"ssp126","ACCESS-CM2","2075",5,2001,"ssp126--ACCESS-CM2--2075"
"2001-01-06 12:00:00",2001,1,6,6.82,11.43,2.63,"ssp126","ACCESS-CM2","2075",6,2001,"ssp126--ACCESS-CM2--2075"
"2001-01-07 12:00:00",2001,1,7,6.36,9.35,0.65,"ssp126","ACCESS-CM2","2075",7,2001,"ssp126--ACCESS-CM2--2075"
"2001-01-08 12:00:00",2001,1,8,7.67,9.95,0,"ssp126","ACCESS-CM2","2075",8,2001,"ssp126--ACCESS-CM2--2075"
"2001-01-09 12:00:00",2001,1,9,2.96,6.05,0,"ssp126","ACCESS-CM2","2075",9,2001,"ssp126--ACCESS-CM2--2075"
"2001-01-10 12:00:00",2001,1,10,-0.6,8.71,1.19,"ssp126","ACCESS-CM2","2075",10,2001,"ssp126--ACCESS-CM2--2075"
"2001-01-11 12:00:00",2001,1,11,-5.33,5.2,0,"ssp126","ACCESS-CM2","2075",11,2001,"ssp126--ACCESS-CM2--2075"
"2001-01-12 12:00:00",2001,1,12,-0.28,8.44,0.12,"ssp126","ACCESS-CM2","2075",12,2001,"ssp126--ACCESS-CM2--2075"
"2001-01-13 12:00:00",2001,1,13,0.44,6.32,0.65,"ssp126","ACCESS-CM2","2075",13,2001,"ssp126--ACCESS-CM2--2075"
"2001-01-14 12:00:00",2001,1,14,1.26,5.92,0,"ssp126","ACCESS-CM2","2075",14,2001,"ssp126--ACCESS-CM2--2075"
"2001-01-15 12:00:00",2001,1,15,2.88,5.28,5.48,"ssp126","ACCESS-CM2","2075",15,2001,"ssp126--ACCESS-CM2--2075"
"2001-01-16 12:00:00",2001,1,16,-2.66,2.01,2.99,"ssp126","ACCESS-CM2","2075",16,2001,"ssp126--ACCESS-CM2--2075"
"2001-01-17 12:00:00",2001,1,17,1.9,3.92,6.55,"ssp126","ACCESS-CM2","2075",17,2001,"ssp126--ACCESS-CM2--2075"
"2001-01-18 12:00:00",2001,1,18,-2.1,-0.82,0,"ssp126","ACCESS-CM2","2075",18,2001,"ssp126--ACCESS-CM2--2075"
"2001-01-19 12:00:00",2001,1,19,-3.49,1.66,2.57,"ssp126","ACCESS-CM2","2075",19,2001,"ssp126--ACCESS-CM2--2075"
"2001-01-20 12:00:00",2001,1,20,-7.06,0.18,2.52,"ssp126","ACCESS-CM2","2075",20,2001,"ssp126--ACCESS-CM2--2075"
"2001-01-21 12:00:00",2001,1,21,-10.24,-3.33,0,"ssp126","ACCESS-CM2","2075",21,2001,"ssp126--ACCESS-CM2--2075"
"2001-01-22 12:00:00",2001,1,22,-14.34,-5.78,0,"ssp126","ACCESS-CM2","2075",22,2001,"ssp126--ACCESS-CM2--2075"
"2001-01-23 12:00:00",2001,1,23,-12.73,0.49,0.11,"ssp126","ACCESS-CM2","2075",23,2001,"ssp126--ACCESS-CM2--2075"
"2001-01-24 12:00:00",2001,1,24,-18.26,-3.14,5.86,"ssp126","ACCESS-CM2","2075",24,2001,"ssp126--ACCESS-CM2--2075"
"2001-01-25 12:00:00",2001,1,25,-8.44,4.5,7.63,"ssp126","ACCESS-CM2","2075",25,2001,"ssp126--ACCESS-CM2--2075"
"2001-01-26 12:00:00",2001,1,26,-7.03,5.63,2.02,"ssp126","ACCESS-CM2","2075",26,2001,"ssp126--ACCESS-CM2--2075"
"2001-01-27 12:00:00",2001,1,27,3.94,9.05,2.27,"ssp126","ACCESS-CM2","2075",27,2001,"ssp126--ACCESS-CM2--2075"
"2001-01-28 12:00:00",2001,1,28,-1.33,8.88,0.65,"ssp126","ACCESS-CM2","2075",28,2001,"ssp126--ACCESS-CM2--2075"
"2001-01-29 12:00:00",2001,1,29,1.76,8.65,1.83,"ssp126","ACCESS-CM2","2075",29,2001,"ssp126--ACCESS-CM2--2075"
"2001-01-30 12:00:00",2001,1,30,5.5,8.61,0,"ssp126","ACCESS-CM2","2075",30,2001,"ssp126--ACCESS-CM2--2075"
"2001-01-31 12:00:00",2001,1,31,6.51,10.64,2.86,"ssp126","ACCESS-CM2","2075",31,2001,"ssp126--ACCESS-CM2--2075"
"2001-02-01 12:00:00",2001,2,1,2.02,6.27,0,"ssp126","ACCESS-CM2","2075",32,2001,"ssp126--ACCESS-CM2--2075"
"2001-02-02 12:00:00",2001,2,2,4.48,7.35,4.22,"ssp126","ACCESS-CM2","2075",33,2001,"ssp126--ACCESS-CM2--2075"
"2001-02-03 12:00:00",2001,2,3,2.34,8.15,0,"ssp126","ACCESS-CM2","2075",34,2001,"ssp126--ACCESS-CM2--2075"
"2001-02-04 12:00:00",2001,2,4,1.25,9.94,3.48,"ssp126","ACCESS-CM2","2075",35,2001,"ssp126--ACCESS-CM2--2075"
"2001-02-05 12:00:00",2001,2,5,1.46,12.56,1.18,"ssp126","ACCESS-CM2","2075",36,2001,"ssp126--ACCESS-CM2--2075"
"2001-02-06 12:00:00",2001,2,6,0.51,9.81,0,"ssp126","ACCESS-CM2","2075",37,2001,"ssp126--ACCESS-CM2--2075"
"2001-02-07 12:00:00",2001,2,7,-4.27,15.32,0,"ssp126","ACCESS-CM2","2075",38,2001,"ssp126--ACCESS-CM2--2075"
"2001-02-08 12:00:00",2001,2,8,6.34,16.34,5.87,"ssp126","ACCESS-CM2","2075",39,2001,"ssp126--ACCESS-CM2--2075"
"2001-02-09 12:00:00",2001,2,9,5.01,15.78,14.97,"ssp126","ACCESS-CM2","2075",40,2001,"ssp126--ACCESS-CM2--2075"
"2001-02-10 12:00:00",2001,2,10,4.32,18.62,1.12,"ssp126","ACCESS-CM2","2075",41,2001,"ssp126--ACCESS-CM2--2075"
"2001-02-11 12:00:00",2001,2,11,7.24,15.81,0,"ssp126","ACCESS-CM2","2075",42,2001,"ssp126--ACCESS-CM2--2075"
"2001-02-12 12:00:00",2001,2,12,8.38,14.4,0,"ssp126","ACCESS-CM2","2075",43,2001,"ssp126--ACCESS-CM2--2075"
"2001-02-13 12:00:00",2001,2,13,6.69,11.5,2.03,"ssp126","ACCESS-CM2","2075",44,2001,"ssp126--ACCESS-CM2--2075"
"2001-02-14 12:00:00",2001,2,14,8.36,16.72,4.21,"ssp126","ACCESS-CM2","2075",45,2001,"ssp126--ACCESS-CM2--2075"
"2001-02-15 12:00:00",2001,2,15,4.07,15.13,0,"ssp126","ACCESS-CM2","2075",46,2001,"ssp126--ACCESS-CM2--2075"
"2001-02-16 12:00:00",2001,2,16,2.2,11.66,0.43,"ssp126","ACCESS-CM2","2075",47,2001,"ssp126--ACCESS-CM2--2075"
"2001-02-17 12:00:00",2001,2,17,5.93,15.73,0,"ssp126","ACCESS-CM2","2075",48,2001,"ssp126--ACCESS-CM2--2075"
"2001-02-18 12:00:00",2001,2,18,8.63,17.76,0,"ssp126","ACCESS-CM2","2075",49,2001,"ssp126--ACCESS-CM2--2075"
"2001-02-19 12:00:00",2001,2,19,9.77,16.6,1.69,"ssp126","ACCESS-CM2","2075",50,2001,"ssp126--ACCESS-CM2--2075"
"2001-02-20 12:00:00",2001,2,20,9.89,18.82,18.81,"ssp126","ACCESS-CM2","2075",51,2001,"ssp126--ACCESS-CM2--2075"
"2001-02-21 12:00:00",2001,2,21,6.04,17.53,5.02,"ssp126","ACCESS-CM2","2075",52,2001,"ssp126--ACCESS-CM2--2075"
"2001-02-22 12:00:00",2001,2,22,2.78,12.23,0,"ssp126","ACCESS-CM2","2075",53,2001,"ssp126--ACCESS-CM2--2075"
"2001-02-23 12:00:00",2001,2,23,5.99,14.93,0,"ssp126","ACCESS-CM2","2075",54,2001,"ssp126--ACCESS-CM2--2075"
"2001-02-24 12:00:00",2001,2,24,5.47,14.29,5.17,"ssp126","ACCESS-CM2","2075",55,2001,"ssp126--ACCESS-CM2--2075"
"2001-02-25 12:00:00",2001,2,25,4.23,17.47,4.15,"ssp126","ACCESS-CM2","2075",56,2001,"ssp126--ACCESS-CM2--2075"
"2001-02-26 12:00:00",2001,2,26,6.35,13.77,4.82,"ssp126","ACCESS-CM2","2075",57,2001,"ssp126--ACCESS-CM2--2075"
"2001-02-27 12:00:00",2001,2,27,9.1,11.66,1.92,"ssp126","ACCESS-CM2","2075",58,2001,"ssp126--ACCESS-CM2--2075"
"2001-02-28 12:00:00",2001,2,28,2.09,11.02,0,"ssp126","ACCESS-CM2","2075",59,2001,"ssp126--ACCESS-CM2--2075"
"2001-03-01 12:00:00",2001,3,1,2.32,8.76,0,"ssp126","ACCESS-CM2","2075",60,2001,"ssp126--ACCESS-CM2--2075"
"2001-03-02 12:00:00",2001,3,2,3.78,10.07,5.02,"ssp126","ACCESS-CM2","2075",61,2001,"ssp126--ACCESS-CM2--2075"
"2001-03-03 12:00:00",2001,3,3,-2.56,10.17,0,"ssp126","ACCESS-CM2","2075",62,2001,"ssp126--ACCESS-CM2--2075"
"2001-03-04 12:00:00",2001,3,4,0.53,5.76,5.07,"ssp126","ACCESS-CM2","2075",63,2001,"ssp126--ACCESS-CM2--2075"
"2001-03-05 12:00:00",2001,3,5,-4.25,7.12,13.61,"ssp126","ACCESS-CM2","2075",64,2001,"ssp126--ACCESS-CM2--2075"
"2001-03-06 12:00:00",2001,3,6,-3.6,5.49,6.07,"ssp126","ACCESS-CM2","2075",65,2001,"ssp126--ACCESS-CM2--2075"
"2001-03-07 12:00:00",2001,3,7,2.74,5.63,0,"ssp126","ACCESS-CM2","2075",66,2001,"ssp126--ACCESS-CM2--2075"
"2001-03-08 12:00:00",2001,3,8,5.51,10.09,0,"ssp126","ACCESS-CM2","2075",67,2001,"ssp126--ACCESS-CM2--2075"
"2001-03-09 12:00:00",2001,3,9,0.6,8.8,0.24,"ssp126","ACCESS-CM2","2075",68,2001,"ssp126--ACCESS-CM2--2075"
"2001-03-10 12:00:00",2001,3,10,3.7,10.33,0,"ssp126","ACCESS-CM2","2075",69,2001,"ssp126--ACCESS-CM2--2075"
"2001-03-11 12:00:00",2001,3,11,0.68,9.22,0,"ssp126","ACCESS-CM2","2075",70,2001,"ssp126--ACCESS-CM2--2075"
"2001-03-12 12:00:00",2001,3,12,1.89,9.71,0,"ssp126","ACCESS-CM2","2075",71,2001,"ssp126--ACCESS-CM2--2075"
"2001-03-13 12:00:00",2001,3,13,1.31,12.79,10.2,"ssp126","ACCESS-CM2","2075",72,2001,"ssp126--ACCESS-CM2--2075"
"2001-03-14 12:00:00",2001,3,14,3.76,9.11,6.89,"ssp126","ACCESS-CM2","2075",73,2001,"ssp126--ACCESS-CM2--2075"
"2001-03-15 12:00:00",2001,3,15,3.12,13.2,1.29,"ssp126","ACCESS-CM2","2075",74,2001,"ssp126--ACCESS-CM2--2075"
"2001-03-16 12:00:00",2001,3,16,8,13.36,8.05,"ssp126","ACCESS-CM2","2075",75,2001,"ssp126--ACCESS-CM2--2075"
"2001-03-17 12:00:00",2001,3,17,5.88,10.46,12,"ssp126","ACCESS-CM2","2075",76,2001,"ssp126--ACCESS-CM2--2075"
"2001-03-18 12:00:00",2001,3,18,4.03,9.27,7.36,"ssp126","ACCESS-CM2","2075",77,2001,"ssp126--ACCESS-CM2--2075"
"2001-03-19 12:00:00",2001,3,19,-1.98,12.92,0,"ssp126","ACCESS-CM2","2075",78,2001,"ssp126--ACCESS-CM2--2075"
"2001-03-20 12:00:00",2001,3,20,-0.95,11.86,0,"ssp126","ACCESS-CM2","2075",79,2001,"ssp126--ACCESS-CM2--2075"
"2001-03-21 12:00:00",2001,3,21,1.32,10.25,3.81,"ssp126","ACCESS-CM2","2075",80,2001,"ssp126--ACCESS-CM2--2075"
"2001-03-22 12:00:00",2001,3,22,1.98,13.35,1.29,"ssp126","ACCESS-CM2","2075",81,2001,"ssp126--ACCESS-CM2--2075"
"2001-03-23 12:00:00",2001,3,23,6.66,15.46,2.01,"ssp126","ACCESS-CM2","2075",82,2001,"ssp126--ACCESS-CM2--2075"
"2001-03-24 12:00:00",2001,3,24,4.77,17.42,0,"ssp126","ACCESS-CM2","2075",83,2001,"ssp126--ACCESS-CM2--2075"
"2001-03-25 12:00:00",2001,3,25,2.87,14.41,0,"ssp126","ACCESS-CM2","2075",84,2001,"ssp126--ACCESS-CM2--2075"
"2001-03-26 12:00:00",2001,3,26,7.46,16.14,0,"ssp126","ACCESS-CM2","2075",85,2001,"ssp126--ACCESS-CM2--2075"
"2001-03-27 12:00:00",2001,3,27,5.95,12.15,0.48,"ssp126","ACCESS-CM2","2075",86,2001,"ssp126--ACCESS-CM2--2075"
"2001-03-28 12:00:00",2001,3,28,-0.87,18.21,0,"ssp126","ACCESS-CM2","2075",87,2001,"ssp126--ACCESS-CM2--2075"
"2001-03-29 12:00:00",2001,3,29,-0.22,13.53,0,"ssp126","ACCESS-CM2","2075",88,2001,"ssp126--ACCESS-CM2--2075"
"2001-03-30 12:00:00",2001,3,30,-3.34,17.47,0.36,"ssp126","ACCESS-CM2","2075",89,2001,"ssp126--ACCESS-CM2--2075"
"2001-03-31 12:00:00",2001,3,31,-2.92,19.16,0.24,"ssp126","ACCESS-CM2","2075",90,2001,"ssp126--ACCESS-CM2--2075"
"2001-04-01 12:00:00",2001,4,1,-0.57,21.27,0,"ssp126","ACCESS-CM2","2075",91,2001,"ssp126--ACCESS-CM2--2075"
"2001-04-02 12:00:00",2001,4,2,6.87,19.2,13.06,"ssp126","ACCESS-CM2","2075",92,2001,"ssp126--ACCESS-CM2--2075"
"2001-04-03 12:00:00",2001,4,3,4.66,20.44,0.51,"ssp126","ACCESS-CM2","2075",93,2001,"ssp126--ACCESS-CM2--2075"
"2001-04-04 12:00:00",2001,4,4,5.94,20.39,0.7,"ssp126","ACCESS-CM2","2075",94,2001,"ssp126--ACCESS-CM2--2075"
"2001-04-05 12:00:00",2001,4,5,5.94,14.21,4.36,"ssp126","ACCESS-CM2","2075",95,2001,"ssp126--ACCESS-CM2--2075"
"2001-04-06 12:00:00",2001,4,6,5.43,14.37,5.15,"ssp126","ACCESS-CM2","2075",96,2001,"ssp126--ACCESS-CM2--2075"
"2001-04-07 12:00:00",2001,4,7,8.07,11.21,0,"ssp126","ACCESS-CM2","2075",97,2001,"ssp126--ACCESS-CM2--2075"
"2001-04-08 12:00:00",2001,4,8,5.67,11.66,0,"ssp126","ACCESS-CM2","2075",98,2001,"ssp126--ACCESS-CM2--2075"
"2001-04-09 12:00:00",2001,4,9,3.09,9.38,4.78,"ssp126","ACCESS-CM2","2075",99,2001,"ssp126--ACCESS-CM2--2075"
"2001-04-10 12:00:00",2001,4,10,-0.23,13.51,5.7,"ssp126","ACCESS-CM2","2075",100,2001,"ssp126--ACCESS-CM2--2075"
"2001-04-11 12:00:00",2001,4,11,0.43,13.28,1.71,"ssp126","ACCESS-CM2","2075",101,2001,"ssp126--ACCESS-CM2--2075"
"2001-04-12 12:00:00",2001,4,12,5.8,10.34,0,"ssp126","ACCESS-CM2","2075",102,2001,"ssp126--ACCESS-CM2--2075"
"2001-04-13 12:00:00",2001,4,13,5.78,13.24,0.25,"ssp126","ACCESS-CM2","2075",103,2001,"ssp126--ACCESS-CM2--2075"
"2001-04-14 12:00:00",2001,4,14,3.75,12.72,0,"ssp126","ACCESS-CM2","2075",104,2001,"ssp126--ACCESS-CM2--2075"
"2001-04-15 12:00:00",2001,4,15,-3.32,15.09,1.83,"ssp126","ACCESS-CM2","2075",105,2001,"ssp126--ACCESS-CM2--2075"
"2001-04-16 12:00:00",2001,4,16,-1.22,13.34,2.17,"ssp126","ACCESS-CM2","2075",106,2001,"ssp126--ACCESS-CM2--2075"
"2001-04-17 12:00:00",2001,4,17,3.24,14.61,0,"ssp126","ACCESS-CM2","2075",107,2001,"ssp126--ACCESS-CM2--2075"
"2001-04-18 12:00:00",2001,4,18,5.45,24.52,0.23,"ssp126","ACCESS-CM2","2075",108,2001,"ssp126--ACCESS-CM2--2075"
"2001-04-19 12:00:00",2001,4,19,11.04,28.98,1.26,"ssp126","ACCESS-CM2","2075",109,2001,"ssp126--ACCESS-CM2--2075"
"2001-04-20 12:00:00",2001,4,20,13.91,27.55,14.53,"ssp126","ACCESS-CM2","2075",110,2001,"ssp126--ACCESS-CM2--2075"
"2001-04-21 12:00:00",2001,4,21,17.28,28.51,0,"ssp126","ACCESS-CM2","2075",111,2001,"ssp126--ACCESS-CM2--2075"
"2001-04-22 12:00:00",2001,4,22,14.09,23.29,0.45,"ssp126","ACCESS-CM2","2075",112,2001,"ssp126--ACCESS-CM2--2075"
"2001-04-23 12:00:00",2001,4,23,9.44,15.52,7.09,"ssp126","ACCESS-CM2","2075",113,2001,"ssp126--ACCESS-CM2--2075"
"2001-04-24 12:00:00",2001,4,24,9.78,14.05,5.77,"ssp126","ACCESS-CM2","2075",114,2001,"ssp126--ACCESS-CM2--2075"
"2001-04-25 12:00:00",2001,4,25,10.52,17.35,0,"ssp126","ACCESS-CM2","2075",115,2001,"ssp126--ACCESS-CM2--2075"
"2001-04-26 12:00:00",2001,4,26,6.62,17.38,0,"ssp126","ACCESS-CM2","2075",116,2001,"ssp126--ACCESS-CM2--2075"
"2001-04-27 12:00:00",2001,4,27,6.25,13.49,0.34,"ssp126","ACCESS-CM2","2075",117,2001,"ssp126--ACCESS-CM2--2075"
"2001-04-28 12:00:00",2001,4,28,0.43,17.95,0,"ssp126","ACCESS-CM2","2075",118,2001,"ssp126--ACCESS-CM2--2075"
"2001-04-29 12:00:00",2001,4,29,3.15,21.71,0,"ssp126","ACCESS-CM2","2075",119,2001,"ssp126--ACCESS-CM2--2075"
"2001-04-30 12:00:00",2001,4,30,5.7,17.71,0.51,"ssp126","ACCESS-CM2","2075",120,2001,"ssp126--ACCESS-CM2--2075"
"2001-05-01 12:00:00",2001,5,1,6.56,16.7,0,"ssp126","ACCESS-CM2","2075",121,2001,"ssp126--ACCESS-CM2--2075"
"2001-05-02 12:00:00",2001,5,2,12.24,20.09,0,"ssp126","ACCESS-CM2","2075",122,2001,"ssp126--ACCESS-CM2--2075"
"2001-05-03 12:00:00",2001,5,3,8.66,17.61,1.21,"ssp126","ACCESS-CM2","2075",123,2001,"ssp126--ACCESS-CM2--2075"
"2001-05-04 12:00:00",2001,5,4,11.79,21.04,6.03,"ssp126","ACCESS-CM2","2075",124,2001,"ssp126--ACCESS-CM2--2075"
"2001-05-05 12:00:00",2001,5,5,8.72,19.21,3.82,"ssp126","ACCESS-CM2","2075",125,2001,"ssp126--ACCESS-CM2--2075"
"2001-05-06 12:00:00",2001,5,6,7.76,24.2,2.02,"ssp126","ACCESS-CM2","2075",126,2001,"ssp126--ACCESS-CM2--2075"
"2001-05-07 12:00:00",2001,5,7,5.3,23.1,0.81,"ssp126","ACCESS-CM2","2075",127,2001,"ssp126--ACCESS-CM2--2075"
"2001-05-08 12:00:00",2001,5,8,6.39,21.62,30.37,"ssp126","ACCESS-CM2","2075",128,2001,"ssp126--ACCESS-CM2--2075"
"2001-05-09 12:00:00",2001,5,9,9.65,24.87,0,"ssp126","ACCESS-CM2","2075",129,2001,"ssp126--ACCESS-CM2--2075"
"2001-05-10 12:00:00",2001,5,10,12.24,27.07,2.19,"ssp126","ACCESS-CM2","2075",130,2001,"ssp126--ACCESS-CM2--2075"
"2001-05-11 12:00:00",2001,5,11,10.27,18.67,3.25,"ssp126","ACCESS-CM2","2075",131,2001,"ssp126--ACCESS-CM2--2075"
"2001-05-12 12:00:00",2001,5,12,10.95,22.24,0,"ssp126","ACCESS-CM2","2075",132,2001,"ssp126--ACCESS-CM2--2075"
"2001-05-13 12:00:00",2001,5,13,9.99,17.71,7.53,"ssp126","ACCESS-CM2","2075",133,2001,"ssp126--ACCESS-CM2--2075"
"2001-05-14 12:00:00",2001,5,14,10.98,20.03,10.14,"ssp126","ACCESS-CM2","2075",134,2001,"ssp126--ACCESS-CM2--2075"
"2001-05-15 12:00:00",2001,5,15,9.13,18.46,24.97,"ssp126","ACCESS-CM2","2075",135,2001,"ssp126--ACCESS-CM2--2075"
"2001-05-16 12:00:00",2001,5,16,8.19,24.96,0,"ssp126","ACCESS-CM2","2075",136,2001,"ssp126--ACCESS-CM2--2075"
"2001-05-17 12:00:00",2001,5,17,5.35,25.24,0,"ssp126","ACCESS-CM2","2075",137,2001,"ssp126--ACCESS-CM2--2075"
"2001-05-18 12:00:00",2001,5,18,9.77,27.53,0,"ssp126","ACCESS-CM2","2075",138,2001,"ssp126--ACCESS-CM2--2075"
"2001-05-19 12:00:00",2001,5,19,13.38,19.14,1.75,"ssp126","ACCESS-CM2","2075",139,2001,"ssp126--ACCESS-CM2--2075"
"2001-05-20 12:00:00",2001,5,20,14.29,19.33,0,"ssp126","ACCESS-CM2","2075",140,2001,"ssp126--ACCESS-CM2--2075"
"2001-05-21 12:00:00",2001,5,21,11.06,17.74,0,"ssp126","ACCESS-CM2","2075",141,2001,"ssp126--ACCESS-CM2--2075"
"2001-05-22 12:00:00",2001,5,22,8.5,25.57,1.91,"ssp126","ACCESS-CM2","2075",142,2001,"ssp126--ACCESS-CM2--2075"
"2001-05-23 12:00:00",2001,5,23,14.39,23.3,0,"ssp126","ACCESS-CM2","2075",143,2001,"ssp126--ACCESS-CM2--2075"
"2001-05-24 12:00:00",2001,5,24,17.17,20.89,0,"ssp126","ACCESS-CM2","2075",144,2001,"ssp126--ACCESS-CM2--2075"
"2001-05-25 12:00:00",2001,5,25,13.92,21.73,0,"ssp126","ACCESS-CM2","2075",145,2001,"ssp126--ACCESS-CM2--2075"
"2001-05-26 12:00:00",2001,5,26,17.18,27.38,6.37,"ssp126","ACCESS-CM2","2075",146,2001,"ssp126--ACCESS-CM2--2075"
"2001-05-27 12:00:00",2001,5,27,12.81,20.82,8.23,"ssp126","ACCESS-CM2","2075",147,2001,"ssp126--ACCESS-CM2--2075"
"2001-05-28 12:00:00",2001,5,28,14.06,17.86,18.58,"ssp126","ACCESS-CM2","2075",148,2001,"ssp126--ACCESS-CM2--2075"
"2001-05-29 12:00:00",2001,5,29,11.97,16.1,6.71,"ssp126","ACCESS-CM2","2075",149,2001,"ssp126--ACCESS-CM2--2075"
"2001-05-30 12:00:00",2001,5,30,9.82,21.45,2.57,"ssp126","ACCESS-CM2","2075",150,2001,"ssp126--ACCESS-CM2--2075"
"2001-05-31 12:00:00",2001,5,31,8.29,24.22,4.21,"ssp126","ACCESS-CM2","2075",151,2001,"ssp126--ACCESS-CM2--2075"
"2001-06-01 12:00:00",2001,6,1,12.18,21.23,8.42,"ssp126","ACCESS-CM2","2075",152,2001,"ssp126--ACCESS-CM2--2075"
"2001-06-02 12:00:00",2001,6,2,7.46,21.29,1.91,"ssp126","ACCESS-CM2","2075",153,2001,"ssp126--ACCESS-CM2--2075"
"2001-06-03 12:00:00",2001,6,3,8.6,20.28,6.32,"ssp126","ACCESS-CM2","2075",154,2001,"ssp126--ACCESS-CM2--2075"
"2001-06-04 12:00:00",2001,6,4,8.4,16.74,28.77,"ssp126","ACCESS-CM2","2075",155,2001,"ssp126--ACCESS-CM2--2075"
"2001-06-05 12:00:00",2001,6,5,8.16,19.98,31.33,"ssp126","ACCESS-CM2","2075",156,2001,"ssp126--ACCESS-CM2--2075"
"2001-06-06 12:00:00",2001,6,6,7.89,21.27,0,"ssp126","ACCESS-CM2","2075",157,2001,"ssp126--ACCESS-CM2--2075"
"2001-06-07 12:00:00",2001,6,7,8.58,18.49,0,"ssp126","ACCESS-CM2","2075",158,2001,"ssp126--ACCESS-CM2--2075"
"2001-06-08 12:00:00",2001,6,8,9.55,17.88,5.56,"ssp126","ACCESS-CM2","2075",159,2001,"ssp126--ACCESS-CM2--2075"
"2001-06-09 12:00:00",2001,6,9,9.78,17.38,2.48,"ssp126","ACCESS-CM2","2075",160,2001,"ssp126--ACCESS-CM2--2075"
"2001-06-10 12:00:00",2001,6,10,11.23,18.43,0,"ssp126","ACCESS-CM2","2075",161,2001,"ssp126--ACCESS-CM2--2075"
"2001-06-11 12:00:00",2001,6,11,13.65,20.89,0,"ssp126","ACCESS-CM2","2075",162,2001,"ssp126--ACCESS-CM2--2075"
"2001-06-12 12:00:00",2001,6,12,11.95,23.74,0.41,"ssp126","ACCESS-CM2","2075",163,2001,"ssp126--ACCESS-CM2--2075"
"2001-06-13 12:00:00",2001,6,13,10.44,26,3.83,"ssp126","ACCESS-CM2","2075",164,2001,"ssp126--ACCESS-CM2--2075"
"2001-06-14 12:00:00",2001,6,14,10.63,25.82,0,"ssp126","ACCESS-CM2","2075",165,2001,"ssp126--ACCESS-CM2--2075"
"2001-06-15 12:00:00",2001,6,15,15.75,28.37,0,"ssp126","ACCESS-CM2","2075",166,2001,"ssp126--ACCESS-CM2--2075"
"2001-06-16 12:00:00",2001,6,16,14.41,28.03,0,"ssp126","ACCESS-CM2","2075",167,2001,"ssp126--ACCESS-CM2--2075"
"2001-06-17 12:00:00",2001,6,17,15.64,30.42,10.3,"ssp126","ACCESS-CM2","2075",168,2001,"ssp126--ACCESS-CM2--2075"
"2001-06-18 12:00:00",2001,6,18,20.09,29.28,0,"ssp126","ACCESS-CM2","2075",169,2001,"ssp126--ACCESS-CM2--2075"
"2001-06-19 12:00:00",2001,6,19,18.4,30.08,1.19,"ssp126","ACCESS-CM2","2075",170,2001,"ssp126--ACCESS-CM2--2075"
"2001-06-20 12:00:00",2001,6,20,17.87,33.19,0,"ssp126","ACCESS-CM2","2075",171,2001,"ssp126--ACCESS-CM2--2075"
"2001-06-21 12:00:00",2001,6,21,23.4,33.65,0.66,"ssp126","ACCESS-CM2","2075",172,2001,"ssp126--ACCESS-CM2--2075"
"2001-06-22 12:00:00",2001,6,22,21.34,33.46,0,"ssp126","ACCESS-CM2","2075",173,2001,"ssp126--ACCESS-CM2--2075"
"2001-06-23 12:00:00",2001,6,23,19.31,36.87,0,"ssp126","ACCESS-CM2","2075",174,2001,"ssp126--ACCESS-CM2--2075"
